Code,Grouping,Classification,Specialization,eMed_Profession,Not Sure,MD,DO,eMed_Speciality,eMed_Speciality_ID,Comments,eMed_SubSpeciality,eMed_SubSpeciality_ID,Comments
207K00000X,Allopathic & Osteopathic Physicians,Allergy & Immunology,,Physician,167,184,185,Allergy & Immunology,889,,,,
207KA0200X,Allopathic & Osteopathic Physicians,Allergy & Immunology,Allergy,Physician,167,184,185,Allergy and Immunology,889,,Allergy,2531,
207KI0005X,Allopathic & Osteopathic Physicians,Allergy & Immunology,Clinical & Laboratory Immunology,Physician,167,184,185,Allergy and Immunology,889,,Clinical & Laboratory Immunology,2532,
207L00000X,Allopathic & Osteopathic Physicians,Anesthesiology,,Physician,167,184,185,Anesthesiology,81,,,,
207LA0401X,Allopathic & Osteopathic Physicians,Anesthesiology,Addiction Medicine,Physician,167,184,185,Anesthesiology,81,,Addiction Medicine,2533,
207LC0200X,Allopathic & Osteopathic Physicians,Anesthesiology,Critical Care Medicine,Physician,167,184,185,Anesthesiology,81,,Critical Care Medicine,2534,
207LH0002X,Allopathic & Osteopathic Physicians,Anesthesiology,Hospice and Palliative Medicine,Physician,167,184,185,Anesthesiology,81,,Hospice and Palliative Medicine,2535,
207LP2900X,Allopathic & Osteopathic Physicians,Anesthesiology,Pain Medicine,Physician,167,184,185,Anesthesiology,81,,Pain Medicine,2536,
207LP3000X,Allopathic & Osteopathic Physicians,Anesthesiology,Pediatric Anesthesiology,Physician,167,184,185,Anesthesiology,81,,Pediatric Anesthesiology,915,
207LP4000X,Allopathic & Osteopathic Physicians,Anesthesiology,Physician Nutrition Specialist,Physician,167,184,185,Anesthesiology,81,,Physician Nutrition Specialist,2537,
,,,,Physician,167,184,185,Anesthesiology,81,,Perioperative Medicine,2538,
,,,,Physician,167,184,185,Anesthesiology,81,,Adult Cardiac Anesthesiology,2539,
,,,,Physician,167,184,185,Anesthesiology,81,,Neurocritical Care,2540,
208U00000X,Allopathic & Osteopathic Physicians,Clinical Pharmacology,,Physician,167,184,185,Clinical Pharmacology,320,,,,
208C00000X,Allopathic & Osteopathic Physicians,Colon & Rectal Surgery,,Physician,167,184,185,Colon and Rectal Surgery,891,,,,
207N00000X,Allopathic & Osteopathic Physicians,Dermatology,,Physician,167,184,185,Dermatology,82,,,,
207NI0002X,Allopathic & Osteopathic Physicians,Dermatology,Clinical & Laboratory Dermatological Immunology,Physician,167,184,185,Dermatology,82,,Clinical & Laboratory Dermatological Immunology,2541,
207ND0900X,Allopathic & Osteopathic Physicians,Dermatology,Dermatopathology,Physician,167,184,185,Dermatology,82,,Dermatopathology,2542,
207ND0101X,Allopathic & Osteopathic Physicians,Dermatology,MOHS-Micrographic Surgery,Physician,167,184,185,Dermatology,82,,MOHS Micrographic Surgery,1919,
207NP0225X,Allopathic & Osteopathic Physicians,Dermatology,Pediatric Dermatology,Physician,167,184,185,Dermatology,82,,Pediatric Dermatology,2543,
207NS0135X,Allopathic & Osteopathic Physicians,Dermatology,Procedural Dermatology,Physician,167,184,185,Dermatology,82,,Procedural Dermatology,2544,
204R00000X,Allopathic & Osteopathic Physicians,Electrodiagnostic Medicine,,Physician,167,184,185,Electrodiagnostic Medicine,2715,,,,
207P00000X,Allopathic & Osteopathic Physicians,Emergency Medicine,,Physician,167,184,185,Emergency Medicine,2,,,,
207PE0004X,Allopathic & Osteopathic Physicians,Emergency Medicine,Emergency Medical Services,Physician,167,184,185,Emergency Medicine,2,,Emergency Medical Services,2545,
207PH0002X,Allopathic & Osteopathic Physicians,Emergency Medicine,Hospice and Palliative Medicine,Physician,167,184,185,Emergency Medicine,2,,Hospice and Palliative Medicine,2546,
207PT0002X,Allopathic & Osteopathic Physicians,Emergency Medicine,Medical Toxicology,Physician,167,184,185,Emergency Medicine,2,,Medical Toxicology,924,
207PP0204X,Allopathic & Osteopathic Physicians,Emergency Medicine,Pediatric Emergency Medicine,Physician,167,184,185,Emergency Medicine,2,,Pediatric Emergency Medicine,927,
207PS0010X,Allopathic & Osteopathic Physicians,Emergency Medicine,Sports Medicine,Physician,167,184,185,Emergency Medicine,2,,Sports Medicine,928,
207PE0005X,Allopathic & Osteopathic Physicians,Emergency Medicine,Undersea and Hyperbaric Medicine,Physician,167,184,185,Emergency Medicine,2,,Undersea and Hyperbaric Medicine,929,
,,,,Physician,167,184,185,Emergency Medicine,2,,Pain Medicine,926,
,,,,Physician,167,184,185,Emergency Medicine,2,,Neurocritical Care,925,
207Q00000X,Allopathic & Osteopathic Physicians,Family Medicine,,Physician,167,184,185,Family Medicine,71,,,,
207QA0401X,Allopathic & Osteopathic Physicians,Family Medicine,Addiction Medicine,Physician,167,184,185,Family Medicine,71,,Addiction Medicine,2547,
207QA0000X,Allopathic & Osteopathic Physicians,Family Medicine,Adolescent Medicine,Physician,167,184,185,Family Medicine,71,,Adolescent Medicine,930,
207QA0505X,Allopathic & Osteopathic Physicians,Family Medicine,Adult Medicine,Physician,167,184,185,Family Medicine,71,,Adult Medicine,2548,
207QD0401X,Allopathic & Osteopathic Physicians,Family Medicine,Diabetology,Physician,167,184,185,Family Medicine,71,,Diabetology,2549,
207QG0300X,Allopathic & Osteopathic Physicians,Family Medicine,Geriatric Medicine,Physician,167,184,185,Family Medicine,71,,Geriatric Medicine,2550,
207QH0002X,Allopathic & Osteopathic Physicians,Family Medicine,Hospice and Palliative Medicine,Physician,167,184,185,Family Medicine,71,,Hospice and Palliative Medicine,2551,
207QB0002X,Allopathic & Osteopathic Physicians,Family Medicine,Obesity Medicine,Physician,167,184,185,Family Medicine,71,,Obesity,2552,
207QP0002X,Allopathic & Osteopathic Physicians,Family Medicine,Physician Nutrition Specialist,Physician,167,184,185,Family Medicine,71,,Physician Nutrition Specialist,2553,
207QS1201X,Allopathic & Osteopathic Physicians,Family Medicine,Sleep Medicine,Physician,167,184,185,Family Medicine,71,,Sleep Medicine,2554,
207QS0010X,Allopathic & Osteopathic Physicians,Family Medicine,Sports Medicine,Physician,167,184,185,Family Medicine,71,,Sports Medicine,2555,
208D00000X,Allopathic & Osteopathic Physicians,General Practice,,Physician,167,184,185,General Practice,807,,,,
208M00000X,Allopathic & Osteopathic Physicians,Hospitalist,,Physician,167,184,185,Hospitalist,2713,,,,
202C00000X,Allopathic & Osteopathic Physicians,Independent Medical Examiner,,Physician,167,184,185,Independent Medical Examiner,2712,,,,
202D00000X,Allopathic & Osteopathic Physicians,Integrative Medicine,,Physician,167,184,185,Integrative Medicine,818,,,,
207R00000X,Allopathic & Osteopathic Physicians,Internal Medicine,,Physician,167,184,185,Internal Medicine,626,,,,
207RA0401X,Allopathic & Osteopathic Physicians,Internal Medicine,Addiction Medicine,Physician,167,184,185,Internal Medicine,626,,Addiction Medicine,2556,
207RA0000X,Allopathic & Osteopathic Physicians,Internal Medicine,Adolescent Medicine,Physician,167,184,185,Internal Medicine,626,,Adolescent Medicine,2557,
207RA0002X,Allopathic & Osteopathic Physicians,Internal Medicine,Adult Congenital Heart Disease,Physician,167,184,185,Internal Medicine,626,,Adult Congenital Heart Disease,2558,
207RA0001X,Allopathic & Osteopathic Physicians,Internal Medicine,Advanced Heart Failure and Transplant Cardiology,Physician,167,184,185,Internal Medicine,626,,Advanced Heart Failure and Transplant Cardiology,2559,
207RA0201X,Allopathic & Osteopathic Physicians,Internal Medicine,Allergy & Immunology,Physician,167,184,185,Internal Medicine,626,,Allergy and Immunology,2560,
207RC0000X,Allopathic & Osteopathic Physicians,Internal Medicine,Cardiovascular Disease,Physician,167,184,185,Internal Medicine,626,,Cardiovascular Disease,2561,
207RI0001X,Allopathic & Osteopathic Physicians,Internal Medicine,Clinical & Laboratory Immunology,Physician,167,184,185,Internal Medicine,626,,Clinical & Laboratory Immunology,2562,
207RC0001X,Allopathic & Osteopathic Physicians,Internal Medicine,Clinical Cardiac Electrophysiology,Physician,167,184,185,Internal Medicine,626,,Clinical Cardiac Electrophysiology,2563,
207RC0200X,Allopathic & Osteopathic Physicians,Internal Medicine,Critical Care Medicine,Physician,167,184,185,Internal Medicine,626,,Critical Care Medicine,2564,
207QB0505X,Allopathic & Osteopathic Physicians,Internal Medicine,Diabetology,Physician,167,184,185,Internal Medicine,626,,Diabetes,2565,
207RE0101X,Allopathic & Osteopathic Physicians,Internal Medicine,"Endocrinology, Diabetes & Metabolism",Physician,167,184,185,Internal Medicine,626,,Endocrinology-Diabetes and Metabolism,2566,
207RG0100X,Allopathic & Osteopathic Physicians,Internal Medicine,Gastroenterology,Physician,167,184,185,Internal Medicine,626,,Gastroenterology,2567,
207RG0300X,Allopathic & Osteopathic Physicians,Internal Medicine,Geriatric Medicine,Physician,167,184,185,Internal Medicine,626,,Geriatric Medicine,2568,
207RH0000X,Allopathic & Osteopathic Physicians,Internal Medicine,Hematology,Physician,167,184,185,Internal Medicine,626,,Hematology,2569,
207RH0003X,Allopathic & Osteopathic Physicians,Internal Medicine,Hematology & Oncology,Physician,167,184,185,Internal Medicine,626,,Hematology & Oncology,2570,
207RI0008X,Allopathic & Osteopathic Physicians,Internal Medicine,Hepatology,Physician,167,184,185,Internal Medicine,626,,Hepatology,2571,
207RH0002X,Allopathic & Osteopathic Physicians,Internal Medicine,Hospice and Palliative Medicine,Physician,167,184,185,Internal Medicine,626,,Hospice and Palliative Medicine,2572,
207RH0005X,Allopathic & Osteopathic Physicians,Internal Medicine,Hypertension Specialist,Physician,167,184,185,Internal Medicine,626,,Hypertension Specialist,2573,
207RI0200X,Allopathic & Osteopathic Physicians,Internal Medicine,Infectious Disease,Physician,167,184,185,Internal Medicine,626,,Infectious Disease,2574,
207RI0011X,Allopathic & Osteopathic Physicians,Internal Medicine,Interventional Cardiology,Physician,167,184,185,Internal Medicine,626,,Interventional Cardiology,2575,
207RM1200X,Allopathic & Osteopathic Physicians,Internal Medicine,Magnetic Resonance Imaging (MRI),Physician,167,184,185,Internal Medicine,626,,Magnetic Resonance Imaging,2576,
207RX0202X,Allopathic & Osteopathic Physicians,Internal Medicine,Medical Oncology,Physician,167,184,185,Internal Medicine,626,,Medical Oncology,2577,
207RN0300X,Allopathic & Osteopathic Physicians,Internal Medicine,Nephrology,Physician,167,184,185,Internal Medicine,626,,Nephrology,2578,
207RB0002X,Allopathic & Osteopathic Physicians,Internal Medicine,Obesity Medicine,Physician,167,184,185,Internal Medicine,626,,Obesity Medicine,2579,
207RP1002X,Allopathic & Osteopathic Physicians,Internal Medicine,Physician Nutrition Specialist,Physician,167,184,185,Internal Medicine,626,,Physician Nutrition Specialist,2580,
207RP1001X,Allopathic & Osteopathic Physicians,Internal Medicine,Pulmonary Disease,Physician,167,184,185,Internal Medicine,626,,Pulmonary Disease,2581,
207RR0500X,Allopathic & Osteopathic Physicians,Internal Medicine,Rheumatology,Physician,167,184,185,Internal Medicine,626,,Rheumatology,2582,
207RS0012X,Allopathic & Osteopathic Physicians,Internal Medicine,Sleep Medicine,Physician,167,184,185,Internal Medicine,626,,Sleep Medicine,2583,
207RS0010X,Allopathic & Osteopathic Physicians,Internal Medicine,Sports Medicine,Physician,167,184,185,Internal Medicine,626,,Sports Medicine,2584,
207RT0003X,Allopathic & Osteopathic Physicians,Internal Medicine,Transplant Hepatology,Physician,167,184,185,Internal Medicine,626,,Transplant Hepatology,2585,
,,,,Physician,167,184,185,Internal Medicine,626,,Neurocritical Care,2586,
209800000X,Allopathic & Osteopathic Physicians,Legal Medicine,,Physician,167,184,185,Legal Medicine,2711,,,,
207SG0202X,Allopathic & Osteopathic Physicians,Medical Genetics,Clinical Biochemical Genetics,Physician,167,184,185,Clinical Genetics and Genomics,1904,,Clinical Biochemical Genetics,2714,
207SC0300X,Allopathic & Osteopathic Physicians,Medical Genetics,Clinical Cytogenetics,Physician,167,184,185,Clinical Genetics and Genomics,1904,,Clinical Cytogenetics,2587,
207SG0201X,Allopathic & Osteopathic Physicians,Medical Genetics,Clinical Genetics (M.D.),Physician,167,184,185,Clinical Genetics and Genomics,1904,,Clinical Genetics - MD,2588,
207SG0203X,Allopathic & Osteopathic Physicians,Medical Genetics,Clinical Molecular Genetics,Physician,167,184,185,Clinical Genetics and Genomics,1904,,Clinical Molecular Genetics,2589,
207SG0207X,Allopathic & Osteopathic Physicians,Medical Genetics,Medical Biochemical Genetics,Physician,167,184,185,Clinical Genetics and Genomics,1904,,Medical Biochemical Genetics,2590,
207SM0001X,Allopathic & Osteopathic Physicians,Medical Genetics,Molecular Genetic Pathology,Physician,167,184,185,Clinical Genetics and Genomics,1904,,Molecular Genetic pathology,2591,
207SG0205X,Allopathic & Osteopathic Physicians,Medical Genetics,Ph.D. Medical Genetics,Physician,167,184,185,Clinical Genetics and Genomics,1904,,PhD - Medical Genetics,2592,
207T00000X,Allopathic & Osteopathic Physicians,Neurological Surgery,,Physician,167,184,185,Neurological Surgery,1065,,,,
,,,,Physician,167,184,185,Neurological Surgery,1065,,Neurocritical Care,2593,
204D00000X,Allopathic & Osteopathic Physicians,Neuromusculoskeletal Medicine & OMM,,Physician,167,184,185,Neuromusculoskeletal Medicine & OMM,1926,,,,
204C00000X,Allopathic & Osteopathic Physicians,"Neuromusculoskeletal Medicine, Sports Medicine",,Physician,167,184,185,"Neuromusculoskeletal Medicine, Sports Medicine",2710,,,,
207U00000X,Allopathic & Osteopathic Physicians,Nuclear Medicine,,Physician,167,184,185,Nuclear Medicine,183,,,,
207UN0903X,Allopathic & Osteopathic Physicians,Nuclear Medicine,In Vivo & In Vitro Nuclear Medicine,Physician,167,184,185,Nuclear Medicine,183,,In Vivo & In Vitro Nuclear Medicine,2594,
207UN0901X,Allopathic & Osteopathic Physicians,Nuclear Medicine,Nuclear Cardiology,Physician,167,184,185,Nuclear Medicine,183,,Nuclear Cardiology,2595,
207UN0902X,Allopathic & Osteopathic Physicians,Nuclear Medicine,Nuclear Imaging & Therapy,Physician,167,184,185,Nuclear Medicine,183,,Nuclear Imaging & Therapy,2596,
207V00000X,Allopathic & Osteopathic Physicians,Obstetrics & Gynecology,,Physician,167,184,185,Obstetrics & Gynecology,231,,,,
207VC0300X,Allopathic & Osteopathic Physicians,Obstetrics & Gynecology,Complex Family Planning,Physician,167,184,185,Obstetrics and Gynecology,231,,Complex Family Planning,2597,
207VC0200X,Allopathic & Osteopathic Physicians,Obstetrics & Gynecology,Critical Care Medicine,Physician,167,184,185,Obstetrics and Gynecology,231,,Critical Care Medicine,2598,
207VF0040X,Allopathic & Osteopathic Physicians,Obstetrics & Gynecology,Urogynecology and Reconstructive Pelvic Surgery,Physician,167,184,185,Obstetrics and Gynecology,231,,Urogynecology and Reconstructive Pelvic Surgery,2599,
207VX0201X,Allopathic & Osteopathic Physicians,Obstetrics & Gynecology,Gynecologic Oncology,Physician,167,184,185,Obstetrics and Gynecology,231,,Gynecologic Oncology,2600,
207VG0400X,Allopathic & Osteopathic Physicians,Obstetrics & Gynecology,Gynecology,Physician,167,184,185,Obstetrics and Gynecology,231,,Gynecology,2601,
207VH0002X,Allopathic & Osteopathic Physicians,Obstetrics & Gynecology,Hospice and Palliative Medicine,Physician,167,184,185,Obstetrics and Gynecology,231,,Hospice and Palliative Medicine,2602,
207VM0101X,Allopathic & Osteopathic Physicians,Obstetrics & Gynecology,Maternal & Fetal Medicine,Physician,167,184,185,Obstetrics and Gynecology,231,,Maternal - Fetal Medicine,2603,
207VB0002X,Allopathic & Osteopathic Physicians,Obstetrics & Gynecology,Obesity Medicine,Physician,167,184,185,Obstetrics and Gynecology,231,,Obesity Medicine,2604,
207VX0000X,Allopathic & Osteopathic Physicians,Obstetrics & Gynecology,Obstetrics,Physician,167,184,185,Obstetrics and Gynecology,231,,Obstetrics,2605,
207VE0102X,Allopathic & Osteopathic Physicians,Obstetrics & Gynecology,Reproductive Endocrinology,Physician,167,184,185,Obstetrics and Gynecology,231,,Reproductive Endocrinology and Infertility,2606,
,,,,Physician,167,184,185,Obstetrics and Gynecology,231,,Female Pelvic Medicine and Reconstructive Surgery,2607,
207W00000X,Allopathic & Osteopathic Physicians,Ophthalmology,,Physician,167,184,185,Ophthalmology,100,,,,
207WX0120X,Allopathic & Osteopathic Physicians,Ophthalmology,Cornea and External Diseases Specialist,Physician,167,184,185,Ophthalmology,100,,Cornea and External Diseases Specialist,2608,
207WX0009X,Allopathic & Osteopathic Physicians,Ophthalmology,Glaucoma Specialist,Physician,167,184,185,Ophthalmology,100,,Glaucoma Specialist,2609,
207WX0109X,Allopathic & Osteopathic Physicians,Ophthalmology,Neuro-ophthalmology,Physician,167,184,185,Ophthalmology,100,,Neuro-ophthalmology,2610,
207WX0200X,Allopathic & Osteopathic Physicians,Ophthalmology,Ophthalmic Plastic and Reconstructive Surgery,Physician,167,184,185,Ophthalmology,100,,Ophthalmic Plastic and Reconstructive Surgery,2611,
207WX0110X,Allopathic & Osteopathic Physicians,Ophthalmology,Pediatric Ophthalmology and Strabismus Specialist,Physician,167,184,185,Ophthalmology,100,,Pediatric Ophthalmology and Strabismus Specialist,2612,
207WX0107X,Allopathic & Osteopathic Physicians,Ophthalmology,Retina Specialist,Physician,167,184,185,Ophthalmology,100,,Retina Specialist,2613,
207WX0108X,Allopathic & Osteopathic Physicians,Ophthalmology,Uveitis and Ocular Inflammatory Disease,Physician,167,184,185,Ophthalmology,100,,Uveitis and Ocular Inflammatory Disease,2614,
,,,,Physician,167,184,185,Ophthalmology,100,,Oculoplastic Surgery,2615,
204E00000X,Allopathic & Osteopathic Physicians,Oral & Maxillofacial Surgery,,Physician,167,184,185,Oral & Maxillofacial Surgery,355,,,,
207X00000X,Allopathic & Osteopathic Physicians,Orthopaedic Surgery,,Physician,167,184,185,Orthopedic Surgery,637,,,,
207XS0114X,Allopathic & Osteopathic Physicians,Orthopaedic Surgery,Adult Reconstructive Orthopaedic Surgery,Physician,167,184,185,Orthopedic Surgery,637,,Adult Reconstructive Orthopedic Surgery,2616,
207XX0004X,Allopathic & Osteopathic Physicians,Orthopaedic Surgery,Foot and Ankle Surgery,Physician,167,184,185,Orthopedic Surgery,637,,Foot and Ankle Surgery,2617,
207XS0106X,Allopathic & Osteopathic Physicians,Orthopaedic Surgery,Hand Surgery,Physician,167,184,185,Orthopedic Surgery,637,,Surgery of the Hand,2618,
207XS0117X,Allopathic & Osteopathic Physicians,Orthopaedic Surgery,Orthopaedic Surgery of the Spine,Physician,167,184,185,Orthopedic Surgery,637,,Orthopedic Surgery of the Spine,2619,
207XX0801X,Allopathic & Osteopathic Physicians,Orthopaedic Surgery,Orthopaedic Trauma,Physician,167,184,185,Orthopedic Surgery,637,,Orthopedic Trauma,2620,
207XP3100X,Allopathic & Osteopathic Physicians,Orthopaedic Surgery,Pediatric Orthopaedic Surgery,Physician,167,184,185,Orthopedic Surgery,637,,Pediatric Orthopedic Surgery,2621,
207XX0005X,Allopathic & Osteopathic Physicians,Orthopaedic Surgery,Sports Medicine,Physician,167,184,185,Orthopedic Surgery,637,,Sports Medicine,2622,
207Y00000X,Allopathic & Osteopathic Physicians,Otolaryngology,,Physician,167,184,185,Otolaryngology - Head & Neck Surgery,43,,,,
207YS0123X,Allopathic & Osteopathic Physicians,Otolaryngology,Facial Plastic Surgery,Physician,167,184,185,Otolaryngology - Head & Neck Surgery,43,,Facial Plastic Surgery,2623,
207YX0602X,Allopathic & Osteopathic Physicians,Otolaryngology,Otolaryngic Allergy,Physician,167,184,185,Otolaryngology - Head & Neck Surgery,43,,Otolaryngic Allergy,2624,
207YX0905X,Allopathic & Osteopathic Physicians,Otolaryngology,Otolaryngology/Facial Plastic Surgery,Physician,167,184,185,Otolaryngology - Head & Neck Surgery,43,,Otolaryngology or Facial Plastic Surgery,2625,
207YX0901X,Allopathic & Osteopathic Physicians,Otolaryngology,Otology & Neurotology,Physician,167,184,185,Otolaryngology - Head & Neck Surgery,43,,Neurotology,2626,
207YP0228X,Allopathic & Osteopathic Physicians,Otolaryngology,Pediatric Otolaryngology,Physician,167,184,185,Otolaryngology - Head & Neck Surgery,43,,Complex Pediatric Otolaryngology,2627,
207YX0007X,Allopathic & Osteopathic Physicians,Otolaryngology,Plastic Surgery within the Head & Neck,Physician,167,184,185,Otolaryngology - Head & Neck Surgery,43,,Plastic Surgery within the Head and Neck,2628,
207YS0012X,Allopathic & Osteopathic Physicians,Otolaryngology,Sleep Medicine,Physician,167,184,185,Otolaryngology - Head & Neck Surgery,43,,Sleep Medicine,2629,
208VP0014X,Allopathic & Osteopathic Physicians,Pain Medicine,Interventional Pain Medicine,Physician,167,184,185,Pain Medicine,87,,Interventional Pain Medicine,2630,
208VP0000X,Allopathic & Osteopathic Physicians,Pain Medicine,Pain Medicine,Physician,167,184,185,Pain Medicine,87,,Pain Medicine,2631,
,,,,Physician,167,184,185,Pathology,80,,,,
207ZP0101X,Allopathic & Osteopathic Physicians,Pathology,Anatomic Pathology,Physician,167,184,185,Pathology,80,,Anatomic Pathology,2632,
207ZP0102X,Allopathic & Osteopathic Physicians,Pathology,Anatomic Pathology & Clinical Pathology,Physician,167,184,185,Pathology,80,,Anatomic Pathology & Clinical Pathology,2633,
207ZB0001X,Allopathic & Osteopathic Physicians,Pathology,Blood Banking & Transfusion Medicine,Physician,167,184,185,Pathology,80,,Blood Banking or Transfusion Medicine,977,
207ZP0104X,Allopathic & Osteopathic Physicians,Pathology,Chemical Pathology,Physician,167,184,185,Pathology,80,,Pathology - Chemical,2634,
207ZC0008X,Allopathic & Osteopathic Physicians,Pathology,Clinical Informatics,Physician,167,184,185,Pathology,80,,Clinical Informatics,978,
207ZC0006X,Allopathic & Osteopathic Physicians,Pathology,Clinical Pathology,Physician,167,184,185,Pathology,80,,Clinical Pathology,2635,
207ZP0105X,Allopathic & Osteopathic Physicians,Pathology,Clinical Pathology/Laboratory Medicine,Physician,167,184,185,Pathology,80,,Clinical Pathology or Laboratory Medicine,2636,
207ZC0500X,Allopathic & Osteopathic Physicians,Pathology,Cytopathology,Physician,167,184,185,Pathology,80,,Cytopathology,979,
207ZD0900X,Allopathic & Osteopathic Physicians,Pathology,Dermatopathology,Physician,167,184,185,Pathology,80,,Dermatopathology,980,
207ZF0201X,Allopathic & Osteopathic Physicians,Pathology,Forensic Pathology,Physician,167,184,185,Pathology,80,,Pathology - Forensic,2637,
207ZH0000X,Allopathic & Osteopathic Physicians,Pathology,Hematology,Physician,167,184,185,Pathology,80,,Hematopathology,981,
207ZI0100X,Allopathic & Osteopathic Physicians,Pathology,Immunopathology,Physician,167,184,185,Pathology,80,,Immunopathology,2638,
207ZM0300X,Allopathic & Osteopathic Physicians,Pathology,Medical Microbiology,Physician,167,184,185,Pathology,80,,Pathology - Medical Microbiology,985,
207ZP0007X,Allopathic & Osteopathic Physicians,Pathology,Molecular Genetic Pathology,Physician,167,184,185,Pathology,80,,Pathology - Molecular Genetic,986,
207ZN0500X,Allopathic & Osteopathic Physicians,Pathology,Neuropathology,Physician,167,184,185,Pathology,80,,Neuropathology,982,
207ZP0213X,Allopathic & Osteopathic Physicians,Pathology,Pediatric Pathology,Physician,167,184,185,Pathology,80,,Pathology - Pediatric,987,
208000000X,Allopathic & Osteopathic Physicians,Pediatrics,,Physician,167,184,185,Pediatrics,65,,,,
2080A0000X,Allopathic & Osteopathic Physicians,Pediatrics,Adolescent Medicine,Physician,167,184,185,Pediatrics,65,,Adolescent Medicine,2639,
2080C0008X,Allopathic & Osteopathic Physicians,Pediatrics,Child Abuse Pediatrics,Physician,167,184,185,Pediatrics,65,,Child Abuse Pediatrics,2640,
2080I0007X,Allopathic & Osteopathic Physicians,Pediatrics,Clinical & Laboratory Immunology,Physician,167,184,185,Pediatrics,65,,Clinical & Laboratory Immunology,2641,
2080P0006X,Allopathic & Osteopathic Physicians,Pediatrics,Developmental - Behavioral Pediatrics,Physician,167,184,185,Pediatrics,65,,Developmental Behavioral Pediatrics,990,
2080H0002X,Allopathic & Osteopathic Physicians,Pediatrics,Hospice and Palliative Medicine,Physician,167,184,185,Pediatrics,65,,Hospice and Palliative Medicine,211,
2080T0002X,Allopathic & Osteopathic Physicians,Pediatrics,Medical Toxicology,Physician,167,184,185,Pediatrics,65,,Medical Toxicology,2642,
2080N0001X,Allopathic & Osteopathic Physicians,Pediatrics,Neonatal-Perinatal Medicine,Physician,167,184,185,Pediatrics,65,,Neonatal - Perinatal Medicine,2643,
2080P0008X,Allopathic & Osteopathic Physicians,Pediatrics,Neurodevelopmental Disabilities,Physician,167,184,185,Pediatrics,65,,Neurodevelopmental Disabilities,2644,
2080B0002X,Allopathic & Osteopathic Physicians,Pediatrics,Obesity Medicine,Physician,167,184,185,Pediatrics,65,,Obesity Medicine,2645,
2080P0201X,Allopathic & Osteopathic Physicians,Pediatrics,Pediatric Allergy/Immunology,Physician,167,184,185,Pediatrics,65,,Pediatric Allergy or Immunology,2646,
2080P0202X,Allopathic & Osteopathic Physicians,Pediatrics,Pediatric Cardiology,Physician,167,184,185,Pediatrics,65,,Pediatric Cardiology,994,
2080P0203X,Allopathic & Osteopathic Physicians,Pediatrics,Pediatric Critical Care Medicine,Physician,167,184,185,Pediatrics,65,,Pediatric Critical Care Medicine,2647,
2080P0204X,Allopathic & Osteopathic Physicians,Pediatrics,Pediatric Emergency Medicine,Physician,167,184,185,Pediatrics,65,,Pediatric Emergency Medicine,2648,
2080P0205X,Allopathic & Osteopathic Physicians,Pediatrics,Pediatric Endocrinology,Physician,167,184,185,Pediatrics,65,,Pediatric Endocrinology,405,
2080P0206X,Allopathic & Osteopathic Physicians,Pediatrics,Pediatric Gastroenterology,Physician,167,184,185,Pediatrics,65,,Pediatric Gastroenterology,998,
2080P0207X,Allopathic & Osteopathic Physicians,Pediatrics,Pediatric Hematology-Oncology,Physician,167,184,185,Pediatrics,65,,Pediatric Hematology - Oncology,2649,
2080P0208X,Allopathic & Osteopathic Physicians,Pediatrics,Pediatric Infectious Diseases,Physician,167,184,185,Pediatrics,65,,Pediatric Infectious Diseases,2650,
2080P0210X,Allopathic & Osteopathic Physicians,Pediatrics,Pediatric Nephrology,Physician,167,184,185,Pediatrics,65,,Pediatric Nephrology,1002,
2080P0214X,Allopathic & Osteopathic Physicians,Pediatrics,Pediatric Pulmonology,Physician,167,184,185,Pediatrics,65,,Pediatric Pulmonology,2651,
2080P0216X,Allopathic & Osteopathic Physicians,Pediatrics,Pediatric Rheumatology,Physician,167,184,185,Pediatrics,65,,Pediatric Rheumatology,1004,
2080T0004X,Allopathic & Osteopathic Physicians,Pediatrics,Pediatric Transplant Hepatology,Physician,167,184,185,Pediatrics,65,,Pediatric Transplant Hepatology,2652,
2080P1004X,Allopathic & Osteopathic Physicians,Pediatrics,Physician Nutrition Specialist,Physician,167,184,185,Pediatrics,65,,Physician Nutrition Specialist,2653,
2080S0012X,Allopathic & Osteopathic Physicians,Pediatrics,Sleep Medicine,Physician,167,184,185,Pediatrics,65,,Sleep Medicine,2654,
2080S0010X,Allopathic & Osteopathic Physicians,Pediatrics,Sports Medicine,Physician,167,184,185,Pediatrics,65,,Sports Medicine,62,
,,,,Physician,167,184,185,Pediatrics,65,,Pediatric Hospital Medicine,2655,
208000000X,Allopathic & Osteopathic Physicians,Pediatrics,,Physician,167,184,185,Pediatrics,65,,,,
202K00000X,Allopathic & Osteopathic Physicians,Phlebology,,Physician,167,184,185,Phlebology,1648,,,,
208100000X,Allopathic & Osteopathic Physicians,Physical Medicine & Rehabilitation,,Physician,167,184,185,Physical Medicine & Rehabilitation,1463,,,,
2081P0301X,Allopathic & Osteopathic Physicians,Physical Medicine & Rehabilitation,Brain Injury Medicine,Physician,167,184,185,Physical Medicine & Rehabilitation,1463,,Brain Injury Medicine,2656,
2081H0002X,Allopathic & Osteopathic Physicians,Physical Medicine & Rehabilitation,Hospice and Palliative Medicine,Physician,167,184,185,Physical Medicine & Rehabilitation,1463,,Hospice and Palliative Medicine,2657,
2081N0008X,Allopathic & Osteopathic Physicians,Physical Medicine & Rehabilitation,Neuromuscular Medicine,Physician,167,184,185,Physical Medicine & Rehabilitation,1463,,Neuromuscular Medicine,2658,
2081P2900X,Allopathic & Osteopathic Physicians,Physical Medicine & Rehabilitation,Pain Medicine,Physician,167,184,185,Physical Medicine & Rehabilitation,1463,,Pain Medicine,2659,
2081P0010X,Allopathic & Osteopathic Physicians,Physical Medicine & Rehabilitation,Pediatric Rehabilitation Medicine,Physician,167,184,185,Physical Medicine & Rehabilitation,1463,,Pediatric Rehabilitation Medicine,2660,
2081P0004X,Allopathic & Osteopathic Physicians,Physical Medicine & Rehabilitation,Spinal Cord Injury Medicine,Physician,167,184,185,Physical Medicine & Rehabilitation,1463,,Spinal Cord Injury Medicine,2661,
2081S0010X,Allopathic & Osteopathic Physicians,Physical Medicine & Rehabilitation,Sports Medicine,Physician,167,184,185,Physical Medicine & Rehabilitation,1463,,Sports Medicine,2662,
208200000X,Allopathic & Osteopathic Physicians,Plastic Surgery,,Physician,167,184,185,Plastic Surgery,70,,,,
2082S0099X,Allopathic & Osteopathic Physicians,Plastic Surgery,Plastic Surgery Within the Head and Neck,Physician,167,184,185,Plastic Surgery,70,,Plastic Surgery within the Head & Neck,2663,
2082S0105X,Allopathic & Osteopathic Physicians,Plastic Surgery,Surgery of the Hand,Physician,167,184,185,Plastic Surgery,70,,Surgery of the Hand,2664,
,,,,Physician,167,184,185,Plastic Surgery,70,,Plastic and Reconstructive Surgery,2665,
,,,,Physician,167,184,185,Preventive Medicine,230,,,,
2083A0300X,Allopathic & Osteopathic Physicians,Preventive Medicine,Addiction Medicine,Physician,167,184,185,Preventive Medicine,230,,Addiction Medicine,1017,
2083A0100X,Allopathic & Osteopathic Physicians,Preventive Medicine,Aerospace Medicine,Physician,167,184,185,Preventive Medicine,230,,Aerospace Medicine,2666,
2083C0008X,Allopathic & Osteopathic Physicians,Preventive Medicine,Clinical Informatics,Physician,167,184,185,Preventive Medicine,230,,Clinical Informatics,2667,
2083T0002X,Allopathic & Osteopathic Physicians,Preventive Medicine,Medical Toxicology,Physician,167,184,185,Preventive Medicine,230,,Medical Toxicology,2668,
2083B0002X,Allopathic & Osteopathic Physicians,Preventive Medicine,Obesity Medicine,Physician,167,184,185,Preventive Medicine,230,,Obesity Medicine,2669,
2083X0100X,Allopathic & Osteopathic Physicians,Preventive Medicine,Occupational Medicine,Physician,167,184,185,Preventive Medicine,230,,Occupational Medicine,2670,
2083P0500X,Allopathic & Osteopathic Physicians,Preventive Medicine,Preventive Medicine/Occupational Environmental Medicine,Physician,167,184,185,Preventive Medicine,230,,Preventive Medicine or Occupational Environmental Medicine,2671,
2083P0901X,Allopathic & Osteopathic Physicians,Preventive Medicine,Public Health & General Preventive Medicine,Physician,167,184,185,Preventive Medicine,230,,Public Health & General Preventive Medicine,2672,
2083S0010X,Allopathic & Osteopathic Physicians,Preventive Medicine,Sports Medicine,Physician,167,184,185,Preventive Medicine,230,,Sports Medicine,2673,
2083P0011X,Allopathic & Osteopathic Physicians,Preventive Medicine,Undersea and Hyperbaric Medicine,Physician,167,184,185,Preventive Medicine,230,,Undersea and Hyperbaric Medicine,2674,
,,,,Physician,167,184,185,Psychiatry and Neurology,906,,,,
2084A0401X,Allopathic & Osteopathic Physicians,Psychiatry & Neurology,Addiction Medicine,Physician,167,184,185,Psychiatry and Neurology,906,,Addiction Medicine,2675,
2084P0802X,Allopathic & Osteopathic Physicians,Psychiatry & Neurology,Addiction Psychiatry,Physician,167,184,185,Psychiatry and Neurology,906,,Addiction Psychiatry,1021,
2084B0040X,Allopathic & Osteopathic Physicians,Psychiatry & Neurology,Behavioral Neurology & Neuropsychiatry,Physician,167,184,185,Psychiatry and Neurology,906,,Behavioral Neurology & Neuropsychiatry,2676,
2084P0301X,Allopathic & Osteopathic Physicians,Psychiatry & Neurology,Brain Injury Medicine,Physician,167,184,185,Psychiatry and Neurology,906,,Brain Injury Medicine,1022,
2084P0804X,Allopathic & Osteopathic Physicians,Psychiatry & Neurology,Child & Adolescent Psychiatry,Physician,167,184,185,Psychiatry and Neurology,906,,Child and Adolescent Psychiatry,1023,
2084N0600X,Allopathic & Osteopathic Physicians,Psychiatry & Neurology,Clinical Neurophysiology,Physician,167,184,185,Psychiatry and Neurology,906,,Clinical Neurophysiology,1024,
2084D0003X,Allopathic & Osteopathic Physicians,Psychiatry & Neurology,Diagnostic Neuroimaging,Physician,167,184,185,Psychiatry and Neurology,906,,Neuroimaging,2677,
2084E0001X,Allopathic & Osteopathic Physicians,Psychiatry & Neurology,Epilepsy,Physician,167,184,185,Psychiatry and Neurology,906,,Epilepsy,1026,
2084F0202X,Allopathic & Osteopathic Physicians,Psychiatry & Neurology,Forensic Psychiatry,Physician,167,184,185,Psychiatry and Neurology,906,,Forensic Psychiatry,1027,
2084P0805X,Allopathic & Osteopathic Physicians,Psychiatry & Neurology,Geriatric Psychiatry,Physician,167,184,185,Psychiatry and Neurology,906,,Geriatric Psychiatry,1028,
2084H0002X,Allopathic & Osteopathic Physicians,Psychiatry & Neurology,Hospice and Palliative Medicine,Physician,167,184,185,Psychiatry and Neurology,906,,Hospice and Palliative Medicine,1029,
2084A2900X,Allopathic & Osteopathic Physicians,Psychiatry & Neurology,Neurocritical Care,Physician,167,184,185,Psychiatry and Neurology,906,,Neurocritical Care,1030,
2084P0005X,Allopathic & Osteopathic Physicians,Psychiatry & Neurology,Neurodevelopmental Disabilities,Physician,167,184,185,Psychiatry and Neurology,906,,Neurodevelopmental Disabilities,1031,
2084N0400X,Allopathic & Osteopathic Physicians,Psychiatry & Neurology,Neurology,Physician,167,184,185,Psychiatry and Neurology,906,,Neurology,2678,
2084N0402X,Allopathic & Osteopathic Physicians,Psychiatry & Neurology,Neurology with Special Qualifications in Child Neurology,Physician,167,184,185,Psychiatry and Neurology,906,,Neurology with Special Qualifications in Child Neurology,2679,
2084N0008X,Allopathic & Osteopathic Physicians,Psychiatry & Neurology,Neuromuscular Medicine,Physician,167,184,185,Psychiatry and Neurology,906,,Neuromuscular Medicine,1032,
2084B0002X,Allopathic & Osteopathic Physicians,Psychiatry & Neurology,Obesity Medicine,Physician,167,184,185,Psychiatry and Neurology,906,,Obesity Medicine,2680,
2084P2900X,Allopathic & Osteopathic Physicians,Psychiatry & Neurology,Pain Medicine,Physician,167,184,185,Psychiatry and Neurology,906,,Pain Medicine,1033,
2084P0800X,Allopathic & Osteopathic Physicians,Psychiatry & Neurology,Psychiatry,Physician,167,184,185,Psychiatry and Neurology,906,,Psychiatry,2681,
2084P0015X,Allopathic & Osteopathic Physicians,Psychiatry & Neurology,Psychosomatic Medicine,Physician,167,184,185,Psychiatry and Neurology,906,,Psychosomatic Medicine,2682,
2084S0012X,Allopathic & Osteopathic Physicians,Psychiatry & Neurology,Sleep Medicine,Physician,167,184,185,Psychiatry and Neurology,906,,Sleep Medicine,1034,
2084S0010X,Allopathic & Osteopathic Physicians,Psychiatry & Neurology,Sports Medicine,Physician,167,184,185,Psychiatry and Neurology,906,,Sports Medicine,2683,
2084V0102X,Allopathic & Osteopathic Physicians,Psychiatry & Neurology,Vascular Neurology,Physician,167,184,185,Psychiatry and Neurology,906,,Vascular Neurology,1035,
2085B0100X,Allopathic & Osteopathic Physicians,Radiology,Body Imaging,Physician,167,184,185,Diagnostic Radiology,1912,,Body Imaging,2684,
2085D0003X,Allopathic & Osteopathic Physicians,Radiology,Diagnostic Neuroimaging,Physician,167,184,185,Diagnostic Radiology,1912,,Diagnostic Neuroimaging,2685,
2085R0202X,Allopathic & Osteopathic Physicians,Radiology,Diagnostic Radiology,Physician,167,184,185,Diagnostic Radiology,1912,,,,
2085U0001X,Allopathic & Osteopathic Physicians,Radiology,Diagnostic Ultrasound,Physician,167,184,185,Diagnostic Radiology,1912,,Diagnostic Ultrasound,2686,
2085H0002X,Allopathic & Osteopathic Physicians,Radiology,Hospice and Palliative Medicine,Physician,167,184,185,Diagnostic Radiology,1912,,Hospice and Palliative Medicine,2687,
2085N0700X,Allopathic & Osteopathic Physicians,Radiology,Neuroradiology,Physician,167,184,185,Diagnostic Radiology,1912,,Neuroradiology,1037,
2085N0904X,Allopathic & Osteopathic Physicians,Radiology,Nuclear Radiology,Physician,167,184,185,Diagnostic Radiology,1912,,Nuclear Radiology,2694,
2085P0229X,Allopathic & Osteopathic Physicians,Radiology,Pediatric Radiology,Physician,167,184,185,Diagnostic Radiology,1912,,Pediatric Radiology,2695,
2085R0001X,Allopathic & Osteopathic Physicians,Radiology,Radiation Oncology,Physician,167,184,185,Diagnostic Radiology,1912,,Radiation Oncology,2696,
2085R0205X,Allopathic & Osteopathic Physicians,Radiology,Radiological Physics,Physician,167,184,185,Diagnostic Radiology,1912,,Radiological Physics,2688,
2085R0203X,Allopathic & Osteopathic Physicians,Radiology,Therapeutic Radiology,Physician,167,184,185,Diagnostic Radiology,1912,,Therapeutic Medical Physics,2697,
2085R0204X,Allopathic & Osteopathic Physicians,Radiology,Vascular & Interventional Radiology,Physician,167,184,185,Diagnostic Radiology,1912,,Vascular & Interventional Radiology,2698,
,,,,Physician,167,184,185,Diagnostic Radiology,1912,,Diagnostic Medical Physics,2699,
,,,,Physician,167,184,185,Diagnostic Radiology,1912,,Computed Tomography,2700,
208600000X,Allopathic & Osteopathic Physicians,Surgery,,Physician,167,184,185,Surgery,68,,,,
,,,,Physician,167,184,185,Cardiology,8,,,,
2086H0002X,Allopathic & Osteopathic Physicians,Surgery,Hospice and Palliative Medicine,Physician,167,184,185,Surgery,68,,Hospice and Palliative Medicine,2689,
2086S0120X,Allopathic & Osteopathic Physicians,Surgery,Pediatric Surgery,Physician,167,184,185,Surgery,68,,Pediatric Surgery,2701,
2086P0122X,Allopathic & Osteopathic Physicians,Surgery,Physician Nutrition Specialist,Physician,167,184,185,Surgery,68,,Physician Nutrition Specialist,2690,
2086S0122X,Allopathic & Osteopathic Physicians,Surgery,Plastic and Reconstructive Surgery,Physician,167,184,185,Surgery,68,,Plastic and Reconstructive Surgery,2702,
2086S0105X,Allopathic & Osteopathic Physicians,Surgery,Surgery of the Hand,Physician,167,184,185,Surgery,68,,Surgery of the Hand,2703,
2086S0102X,Allopathic & Osteopathic Physicians,Surgery,Surgical Critical Care,Physician,167,184,185,Surgery,68,,Surgical Critical Care,2704,
2086X0206X,Allopathic & Osteopathic Physicians,Surgery,Surgical Oncology,Physician,167,184,185,Surgery,68,,Surgical Oncology,2705,
2086S0127X,Allopathic & Osteopathic Physicians,Surgery,Trauma Surgery,Physician,167,184,185,Surgery,68,,Trauma Surgery,2691,
2086S0129X,Allopathic & Osteopathic Physicians,Surgery,Vascular Surgery,Physician,167,184,185,Surgery,68,,Vascular Surgery,2706,
208G00000X,Allopathic & Osteopathic Physicians,Thoracic Surgery (Cardiothoracic Vascular Surgery),,Physician,167,184,185,Thoracic Surgery,182,,,,
,,,,Physician,167,184,185,Thoracic Surgery,182,,Congenital Cardiac Surgery,2707,
204F00000X,Allopathic & Osteopathic Physicians,Transplant Surgery,,Physician,167,184,185,Transplant Surgery,526,,,,
208800000X,Allopathic & Osteopathic Physicians,Urology,,Physician,167,184,185,Urology,63,,,,
2088F0040X,Allopathic & Osteopathic Physicians,Urology,Urogynecology and Reconstructive Pelvic Surgery,Physician,167,184,185,Urology,63,,Urogynecology and Pelvic Floor Reconstruction,2708,
2088P0231X,Allopathic & Osteopathic Physicians,Urology,Pediatric Urology,Physician,167,184,185,Urology,63,,Pediatric Urology,2709,